"id","state","city","district","h_name","address","pincode","contact","helpline","fax","category","website","email","blood_component","blood_group","service_time","latitude","longitude"
"1356","Maharashtra","Mumbai","Mumbai","St. Georges Hospital","St. Georges Hospital Fort. Mumbai","400001","022 22620344 , 022 22621420, 022 22620242,022 22624464","NA","022 22624464","NA","NA","NA","NA","NA","NA","[=19]19","[=73]73"
"1357","Maharashtra","Mumbai","Mumbai","Sir J.J.Group of Hospital","Main Building, Gr.floor, Sir J.J.Hospital Byculla Mumbai","400008","022 23739400, 022 23735599","NA","022 23735599","NA","NA","NA","NA","NA","NA","NA","NA"
"1358","Maharashtra","Mumbai","Mumbai","Mumbai Port Trust Blood Bank","Nadkarni Park, Wadala (E) Mumbai","400037","022 66567722, 022 4145115","NA","NA","NA","NA","NA","NA","NA","NA","NA","NA"
"1359","Maharashtra","Mumbai","Mumbai","G.T.Hospital Blood Bank","Near L.T.Marg Police Station Mumbai","400001","022 22621468, 022 22031111","NA","022 22630553","NA","NA","NA","NA","NA","NA","[=19]19","[=73]73"
"1360","Maharashtra","Mumbai","Mumbai","INS, Ashwini Blood Bank","Colaba Mumbai","400005","022 2215166, 022 22151666","NA","NA","NA","NA","NA","NA","NA","NA","NA","NA"
"1361","Maharashtra","Mumbai","Mumbai","Tata Memorial Hospital Blood Bank","5th Floor, Service Block,,Dr.E.Borges Road Parel Mumbai","400012","022 24177000, 022 24127096","NA","022 24146937","NA","NA","NA","NA","NA","NA","[=19]19","[=73]73"
"1362","Maharashtra","Mumbai","Mumbai","Dr. Babasaheb Ambedkar Memorial Hospital, Central Railway Hospital Blood Bank","Central Railway byculla(E) Mumbai","400027","022 23791964, 022 23717246, 022 67452926, 022 67452950, 022 23726588","NA","NA","NA","NA","NA","NA","NA","NA","NA","NA"
"1363","Maharashtra","Mumbai","Mumbai","Cama and Albles Hospital, Abdul Fazalbhoy Blood Bank","Mahapalika Marg, Mumbai CST","400001","022 22611648","NA","022 22621197","NA","NA","NA","NA","NA","NA","[=19]19","[=73]73"
"1364","Maharashtra","Mumbai","Mumbai","Bhabha Atomic Research Centre Hospital Blood Bank","BARC Hospital, Anushakti Nagar Mumbai","400094","022 25598353, 022 25598361, 022 25558494","NA","NA","NA","NA","NA","NA","NA","NA","NA","NA"
"1365","Maharashtra","Mumbai","Mumbai","Esic Model Hospital","ODC Blood Bank, Room No-20/A, Central Road MIDC Andheri (E),Mumbai","440002","022 28321361","NA","NA","NA","NA","NA","NA","NA","NA","NA","NA"
"1366","Maharashtra","Mumbai","Mumbai","Anviksha Pathological Laboratory Blood Bank","Paras Darshan, M.G.Road, Ghatkopar-E Mumbai","400077","022 21026290, 022 21025927","NA","NA","NA","NA","NA","NA","NA","NA","NA","NA"
"1367","Maharashtra","Mumbai","Mumbai","Asian Heart Institute and Research center","ICICI Tower, Bandra Kurla Complex , Bandra (E) Mumbai","400051","022 66986666, 022 26542088,022 66986506, 022 26508487","NA","NA","NA","NA","NA","NA","NA","NA","NA","NA"
"1368","Maharashtra","Mumbai","Mumbai","West Coast Blood Bank","Basement 101,Moon Bldg,798, Mori Road, Mahim(W),Mumbai","400016","022 24444544, 022 24448899","NA","NA","NA","NA","NA","NA","NA","NA","NA","NA"
"1369","Maharashtra","Mumbai","Mumbai","Fortis Hospital Blood Bank","Mulund Goregaon Link Road, Nahur , Mumbai","400078","022 67994370, 022 67994242","NA","NA","NA","NA","NA","NA","NA","NA","NA","NA"
"1370","Maharashtra","Mumbai","Mumbai","Kohinoor hospital blood bank","Upper basement, room no - 29 to 43, Kirol road, off L.B.S Marg, Kurla (w)","NA","022 67556737, 022 67556800","NA","NA","NA","NA","NA","NA","NA","NA","NA","NA"
"1371","Maharashtra","Mumbai","Mumbai","Seven hills Healthcare Private Limited Hospital","Blood Bank,2nd Floor, Block-16, Seven hills Hospital, Survey No.155, 156, 162 - 168 Part, Marol - Maroshi Road, Andheri(E), Mumbai","NA","022 67676767","NA","NA","NA","NA","NA","NA","NA","NA","NA","NA"
"1372","Maharashtra","Mumbai","Mumbai","Haematology Laboratory Blood Bank","Parekh House, 14, Mama Parmanand Marg, Mumbai","400004","022 23691297,022 23610912","NA","NA","NA","NA","NA","NA","NA","NA","NA","NA"
"1373","Maharashtra","Mumbai","Mumbai","Cumbal Hill Hospital And Heart Institute Blood Bank","93-95, August Kranti Maidan, Mumbai","400036","022 23803674,022 23803336,022 23514740 , 022 23511551","NA","NA","NA","NA","NA","NA","NA","NA","NA","NA"
"1374","Maharashtra","Mumbai","Mumbai","Kapoorben Vasanji Lathiya Blood Bank Nanavati Hospital","Vile Parle (W), Mumbai","400056","022 26119924, 022 26182255,022 26630659","NA","NA","NA","NA","NA","NA","NA","NA","NA","NA"
"1375","Maharashtra","Mumbai","Mumbai","Samarpan Blood Bank,","Swastraya Bldg ,Gr Floor, Hingwala Lane, Near Simming pool ,Ghatkopar (E), Mumbai","400077","022 25100100, 022 25102511, 022 25111313","NA","NA","NA","NA","NA","NA","NA","NA","NA","NA"
"1376","Maharashtra","Mumbai","Mumbai","Bandra Holly Family Hospital Society Blood Bank","St.Andrews Road Bandra Mumbai","400050","022 30610300, 022 30610555, 022 26518373","NA","NA","NA","NA","NA","NA","NA","NA","NA","NA"
"1377","Maharashtra","Mumbai","Mumbai","Holy Spirit Hospital Blood Bank","Mahakali Road, Andheri (E), Mumbai","400093","022 28200353, 022 28248505","NA","NA","NA","NA","NA","NA","NA","NA","NA","NA"
"1378","Maharashtra","Mumbai","Mumbai","The B.D. Petit Parsi General Hospital","B.Petit Road, Cumballa Hill, Mumbai","400036","022 61186190, 022 61186192,022 61186333","NA","NA","NA","NA","NA","NA","NA","NA","NA","NA"
"1379","Maharashtra","Mumbai","Mumbai","Breach Candy Hospital And Research Centre","60 A, Bhulabhai Desai Road Mumbai","400026","022 23667811, 022 23872666","NA","NA","NA","NA","NA","NA","NA","NA","NA","NA"
"1380","Maharashtra","Mumbai","Mumbai","Jaslok Hospital And Research Centre","15,Dr.G.Deshmukh Marg, Mumbai","400026","022 66573434, 022 66573035","NA","NA","NA","NA","NA","NA","NA","NA","NA","NA"
"1381","Maharashtra","Mumbai","Mumbai","Prince Aly Khan Hospital Blood Bank","Aga Hall, Nesbit Road, Mazgaon, Mumbai","400010","022 23777934, 022 23777936","NA","NA","NA","NA","NA","NA","NA","NA","NA","NA"
"1382","Maharashtra","Mumbai","Mumbai","Bhatia General Hospital and Blood Bank","Tukaram Javji Road, Tardeo Mumbai","400007","022 66660656, 022 66660032","NA","NA","NA","NA","NA","NA","NA","NA","NA","NA"
"1383","Maharashtra","Mumbai","Mumbai","Bombay Hospital Trust Blood Bank","12, New Marine Lines Mumbai","400020","022 22067676, 022 22080871, 022 22080871","NA","NA","NA","NA","NA","NA","NA","NA","NA","NA"
"1384","Maharashtra","Mumbai","Mumbai","P.D. Hinduja National Hospital And Medical Research","Blood Bank, Veer Savarkar Road, Mahim (W), Mumbai","400016","022 24447308, 022 24447309, 022 24447310","NA","NA","NA","NA","NA","NA","NA","NA","NA","NA"
"1385","Maharashtra","Mumbai","Mumbai","N.M Wadia Hospital Blood Bank","Acharya Donde Marg, Parel, Mumbai","400012","022 24165638 ,022 26666172","NA","022 24110438","NA","NA","NA","NA","NA","NA","[=19]19","[=73]73"
"1386","Maharashtra","Mumbai","Mumbai","Lilavati Hospital and Research Centre Blood Bank","A 791, Bandra Reclamation, Bandra (W), Mumbai","400050","022 26751000, 022 26568000, 022 26437648","NA","NA","NA","NA","NA","NA","NA","NA","NA","NA"
"1387","Maharashtra","Mumbai","Mumbai","Ashirwad Blood Bank","Imperial Mahal, 2nd Floor above Shabana Stores,Khodadad Circle, Dr B.A Ambedkar Road Dadar TT Mumbai","400014","022 24154826, 022 24154827","NA","NA","NA","NA","NA","NA","NA","NA","NA","NA"
"1388","Maharashtra","Mumbai","Mumbai","K.J.Somaiya Medical College and Hospital Blood Bank","Somaiya Ayurvihar Complex , Eastern Express Highway , Sion, Mumbai","400022","022 24024671, 022 24020946, 022 24091855","NA","NA","NA","NA","NA","NA","NA","NA","NA","NA"
"1389","Maharashtra","Mumbai","Mumbai","S. R. Mehta and Sir. K.P Cardiac Institute","Plot No.96,Rd.No.31, King Circle Sion (E) Mumbai","400022","022 24035454, 022 2409 4732","NA","NA","NA","NA","NA","NA","NA","NA","NA","NA"
"1390","Maharashtra","Mumbai","Mumbai","Shushrusha Citizens Co-op Hospital Blood Bank","698-B Ranade Road, Dadar, Mumbai","400028","022 24469579, 022 25288698","NA","NA","NA","NA","NA","NA","NA","NA","NA","NA"
"1391","Maharashtra","Mumbai","Mumbai","B.S.E.S M.G. Hospital","Rotary D.J Goenka Blood Bank, Near Railway Station Andheri (W)","400058","022 66487576, 022 26283557, 022 26715000","NA","022 26714000, 022 26715000","NA","NA","NA","NA","NA","NA","[=19]19","[=73]73"
"1392","Maharashtra","Mumbai","Mumbai","Masina Hospital Blood Bank","Sant Savta Marg, Byculla (E)","400027","022 23700715, 022 23700715","NA","NA","NA","NA","NA","NA","NA","NA","NA","NA"
"1393","Maharashtra","Mumbai","Mumbai","S. L. Raheja Hospital. Blood Bank","Mahim, Raheja Rugnalaya Marg, Mahim, Mumbai","400018","022 24445528, 022 66529682,022 24449418","NA","NA","NA","NA","NA","NA","NA","NA","NA","NA"
"1394","Maharashtra","Mumbai","Mumbai","Dr. L. H. Hiranandani Hospital","Hill Side, Hiranandani Gardens Powai, Powai","400076","022 25763355, 022 25763356, 022 25763357,022 25763344, 022 25763311","NA","NA","NA","NA","NA","NA","NA","NA","NA","NA"
"1395","Maharashtra","Mumbai","Mumbai","Prabodhan Blood Bank, Siddharth Hospital","Siddharth nagar,Prabhodhan Kridabhawan Marg Goregaon(w)","400092","022 28797586, 022 28722929, 022 28797586","NA","022 28797586, 022 28797587","NA","NA","NA","NA","NA","NA","[=19]19","[=73]73"
"1396","Maharashtra","Mumbai","Mumbai","Navjivan Blood Bank and Lab","Shop No.1, &#34;Abhilasha II&#34; Punjabi Lane Borivali (W)","400092","022 28934122, 022 28935133, 022 28918144, 022 28921727, 022 25339495","NA","NA","NA","NA","NA","NA","NA","NA","NA","NA"
"1397","Maharashtra","Mumbai","Mumbai","Saifee Hospital Trust Blood Bank","15/17, Maharishi Karve Marg, Opp Charni Road Station","400004","022 67571140, 022 67570777","NA","NA","NA","NA","NA","NA","NA","NA","NA","NA"
"1398","Maharashtra","Mumbai","Mumbai","Mahatma Gandhi Seva Mandir Blood Bank","Mahatma Gandhi Seva Mandir Hospital, 2nd floor, Opp. Bandra Lake, S V Road, Bandra (W),Mumbai","NA","022 26431893, 022 26431897","NA","NA","NA","NA","NA","NA","NA","NA","NA","NA"
"1399","Maharashtra","Mumbai","Mumbai","Nandakishor Education SocietysMatoshri Valbai Mulji Shah, Arpan Blood Bank","Aniraj Tower, Janta Market, L.B.S Marg, Bhandup (W)","NA","022 25951044, 022 25941142","NA","022 67417980","NA","NA","NA","NA","NA","NA","[=19]19","[=73]73"
"1400","Maharashtra","Mumbai","Mumbai","Hi-tech Blood Transfusion and Allied services","Jignesh Apartment ,Sainath Road, Malad (W)","400064","022 28714060, 022 28714070","NA","NA","NA","NA","NA","NA","NA","NA","NA","NA"
"1401","Maharashtra","Mumbai","Mumbai","Borivali Blood Bank (Doshi Memorial Charitable Trust)","3,4,5, Vithal Apartment, Near Ram Mandir, Mandpeshwar Road, opp. Flyover, Borivali(w)","400103","022 28936203, 022 28935219","NA","NA","NA","NA","NA","NA","NA","NA","NA","NA"
"1402","Maharashtra","Mumbai","Mumbai","Sir J.J.Mahanagar Rakthapedhi","Sir J.J Mahanagar Raktapedhi,F.D. Petit Bldg., J.J.Campus,J.J.Road, Byculla, Mumbai","400008","022 23735585, 022 23733338","NA","022 23733338","NA","NA","NA","NA","NA","NA","NA","NA"
"1403","Maharashtra","Mumbai","Mumbai","Manas Serological Institute Blood Bank","CTS NO-167 / 168 / A1 101-104 Grace Plaza S.V.Road, near Railway Phatak, Jogeshwari (w),Mumbai","400102","022 26784546, 022 64208179","NA","NA","NA","NA","NA","NA","NA","NA","[=19]19","[=73]73"
"1404","Maharashtra","Mumbai","Mumbai","Kokilaben Dhibhai Ambani Blood Bank","4 bunglows, Achutrao Patwardhan Marg, Andheri (west),Mumbai","400053","022 30900900, 022 30972030","NA","NA","NA","NA","NA","NA","NA","NA","NA","NA"
"1405","Maharashtra","Mumbai","Mumbai","Indian Red Cross Society Bombay City Branch Blood Bank","Blood Centre,141, Shahid Bhagatsingh Road, Town Hall Compound Near R.B.I Fort","400001","022 40500400, 022 22663195, 022 22677448, 022 22677448","NA","022 22677448","NA","NA","NA","NA","NA","NA","[=19]19","[=73]73"
"1406","Maharashtra","Mumbai","Mumbai","KEM Hospital Blood Bank","Acharya Donde Marg, Parel","400012","022 24135189, 022 24135189","NA","022 24135189","NA","NA","NA","NA","NA","NA","[=19]19","[=73]73"
"1407","Maharashtra","Mumbai","Mumbai","Harilal Bhagwati Hospital Blood Bank","SVP Road, Borivali-W, Mumbai","400103","022 28932461, 022 28933740","NA","NA","NA","NA","NA","NA","NA","NA","[=19]19","[=73]73"
"1408","Maharashtra","Mumbai","Mumbai","R.N.Cooper General Hospital Blood Bank","North south Road no-1,Juhu, Vile Parle (W) Mumbai","400056","022 26207254, 022 26205897","NA","022 26205897","NA","NA","NA","NA","NA","NA","[=19]19","[=73]73"
"1409","Maharashtra","Mumbai","Mumbai","K.B.Bhabha General Hospital","R.K.Patkar Marg, Bandra (W) Mumbai","400050","022 26422541, 022 26422775, 022 26405226","NA","022 26405226","NA","NA","NA","NA","NA","NA","[=19]19","[=73]73"
"1410","Maharashtra","Mumbai","Mumbai","BYL Nair Hospital","New OPD Bldg. 2nd Floor, Dr. A. L.Nair Road Mumbai Central Mumbai","400008","022 23027644, 022 23027645, 022 23098150","NA","022 23072663","NA","NA","NA","NA","NA","NA","[=19]19","[=73]73"
"1411","Maharashtra","Mumbai","Mumbai","Lokmanya Tilak Municipal Hospital Blood Bank","O.P.D Building, 1st floor, Sion (W), Mumbai","400022","022 24021771, 022 24063494, 022 24021771","NA","022 24021771","NA","NA","NA","NA","NA","NA","[=19]19","[=73]73"
"1412","Maharashtra","Mumbai","Mumbai","Rajawadi Hospital Blood Bank","Seth V.C. Gandhi and M.V. Vora M,Rajawadi, Ghatkopar-(E), Mumbai","400077","022 25094149, 022 27709285","NA","022 21027372","NA","NA","NA","NA","NA","NA","[=19]19","[=73]73"
"1413","Maharashtra","Mumbai","Mumbai","V.N. Desai Municipal General Hospital Blood Bank","T.P.S II, 11th Road, Santacruz (E) Mumbai","400055","022 26182081,022 26183018, 022 26151506","NA","022 26151506","NA","NA","NA","NA","NA","NA","[=19]19","[=73]73"
"1414","Maharashtra","Mumbai","Mumbai","M.T.Agarwal Mun.Gen.Hospital Blood Bank","Dr.R.P.Road, Mulund (W) Mumbai","400080","022 25640767,022 25605728","NA","022 25605728","NA","NA","NA","NA","NA","NA","[=19]19","[=73]73"
"1415","Maharashtra","Raigad","Raigad","District Civil Surgeon Blood Bank","District Hospital Blood Bank, Alibag","402201","NA","NA","NA","NA","NA","NA","NA","NA","NA","[=19]19","[=73]73"
"1416","Maharashtra","Ratnagiri","Ratnagiri","Civil Surgeon, General Hospital Blood Bank","Tal-District-Ratnagirii, Civil Hospital Ratnagiri","415612","02352 225616, 02252 222362","NA","NA","NA","NA","NA","NA","NA","NA","[=17]17","[=73]73"
"1417","Maharashtra","Sindhudurga","Sindhudurga","Civil Surgeon, General Hospital Blood Bank","Sindhudurg Oros,At post - Oros, Tal - Kudal Dist - Sindhudurga (Oros)","416812","0236 2228902","NA","NA","NA","NA","NA","NA","NA","NA","NA","NA"
"1418","Maharashtra","Sindhudurga","Sindhudurga","Cottage Hospital, Blood Bank, Sawantwadi","Sub -Dist Cottage Hospital, Blood Bank, Sawantwadi ,C-Sindhudurg.","NA","02363 275035","NA","NA","NA","NA","NA","NA","NA","NA","[=16]16","[=74]74"
"1419","Maharashtra","Thane","Thane","Pantgashah Cottage Hospital Blood Bank","At Post - Jawhar, District - Thane","407603","02520 222293","NA","NA","NA","NA","NA","NA","NA","NA","NA","NA"
"1420","Maharashtra","Thane","Thane","Civil Hospital (Vitthal Sayanna) Blood Bank","Tembhi Naka Thane (W)","400601","022 25472582, 022 25471409, 022 25471409","NA","NA","NA","NA","NA","NA","NA","NA","[=19]19","[=73]73"
"1421","Maharashtra","Thane","Thane","Central Hospital Blood Bank","Ulhasnagar, Central Hospital Nehru Chowk Road Ulhasnagar","421003","0251 2709432, 0251 2708730, 0251 2709432","NA","NA","NA","NA","NA","NA","NA","NA","[=19]19","[=73]73"
"1422","Maharashtra","Thane","Thane","Tarapore Automic Power Station Hospital Blood Bank","TAPS Hospital Blood Bank, TAPS Colony Near Boisar,TQ-Palghar Dist-Thane","401504","02525 264001, 02525 264001","NA","NA","NA","NA","NA","NA","NA","NA","[=20]20","[=73]73"
"1423","Maharashtra","Mumbai","Mumbai","Advanced centre for treatment research and education in cancer (ACTREC)","Tata Memorial Center, Owe Village, Sector 22,Plot no-2, Kharghar, Navi Mumbai","410208","022 27405073, 022 27405085","NA","022 27415085","NA","NA","NA","NA","NA","NA","[=19]19","[=73]73"
"1424","Maharashtra","Thane","Thane","JVP Blood Bank and Transfusion Centre, Blood Bank","201 ,213 Arenja Arcade Plot no- 4 Sec-17 ,Next to Apana Bazar, Vashi Navi Mumbai","400705","022 27894490,022 67912094","NA","NA","NA","NA","NA","NA","NA","NA","NA","NA"
"1425","Maharashtra","Thane","Thane","Sankalp Blood Bank","Riddhi Siddhi-Opp.ICICI Bank, Near Ramchandra Hall, Murbad Road Kalyan-(W)","421301","0251 2300096, 0251 2203974","NA","NA","NA","NA","NA","NA","NA","NA","NA","NA"
"1426","Maharashtra","Thane","Thane","Jupiter Hospital Blood Bank","Jupiter Hospital, Eastern Express Highway, Service Road, Near Voltas, Naupada, Thane (W)","400601","022 21725521, 022 21725555,022 25853320","NA","NA","NA","NA","NA","NA","NA","NA","NA","NA"
"1427","Maharashtra","Mumbai","Mumbai","Dr. D.Y. Patil Hospital and Research Centre","Sector-5, Nerul(E) Navi Mumbai","400706","022 39215955, 022 39215994, 022 39219511","NA","NA","NA","NA","NA","NA","NA","NA","NA","NA"
"1428","Maharashtra","Raigad","Raigad","Rotary Club New Panvel charitable Trust s Late Dr. B.V. Limaye Blood Bank","Plot No-8,sect.1, Khanda Colony, Mumbai Pune Road, New Panvel-(W)","410206","022 27459322, 022 32092960","NA","NA","NA","NA","NA","NA","NA","NA","NA","NA"
"1429","Maharashtra","Raigad","Raigad","Kakasaheb Chitle Memorial Centre Sanchalit, Jankalyan Blood Bank,","Mahad, mahad dist- Raigad","402301","02145 222604, 02145 225103, 02145 224807","NA","NA","NA","NA","NA","NA","NA","NA","NA","NA"
"1430","Maharashtra","Raigad","Raigad","Shree Sai Medical Trusts, Shree Sai Blood Bank","old Panvel,103,104,105,1st Floor Tirthraj Bldg.Old Thana naka Road, Near Police Station Old Panvel Dist-Raigad","410206","022 27467856, 022 27450885, 022 27463796","NA","NA","NA","NA","NA","NA","NA","NA","NA","NA"
"1431","Maharashtra","Ratnagiri","Ratnagiri","Shree Swami Samarth Blood Bank","Darvan,TQ-Chiplun,Dist-Ratnagiri","415606","02355 264137, 02355 264149, 02355 264181","NA","NA","NA","NA","NA","NA","NA","NA","NA","NA"
"1432","Maharashtra","Thane","Thane","Plasma Diagnostic Lab and Blood Bank","Meghdoot, Bldg, Gopal nagar, Hotel Janaki, Opp. Manjunath School, Dombivali( E)","421201","0251 2802491, 0251 2453568, 0251 2438078","NA","NA","NA","NA","NA","NA","NA","NA","NA","NA"
"1433","Maharashtra","Thane","Thane","Vaidhya Blood Bank","1st Fr. Satyam Apartment, M.G Road,Jeevan Jyot Hospital near Naupada Police Station, Thane (W)","400602","022 25380787, 022 25411773, 022 25380787","NA","NA","NA","NA","NA","NA","NA","NA","NA","NA"
"1434","Maharashtra","Thane","Thane","Mahatma Gandhi Mission Medical College and Hospital Blood Bank","Plot No 1and2, Sector-18, Kamothe Navi Mumbai","410209","022 27863483, 022 27427905, 022 27420320","NA","NA","NA","NA","NA","NA","NA","NA","[=19]19","[=73]73"
"1435","Maharashtra","Thane","Thane","Navjeevan Blood Bank","Gokhale Road, Naupada Near Dr.Mhaskars Hospital Thane (W)","400602","022 25400425, 022 25339495","NA","NA","NA","NA","NA","NA","NA","NA","NA","NA"
"1436","Maharashtra","Thane","Thane","Swargiya Shri Waman Hari Pethe Smruti, Sanjivani Blood Bank,","Sanjivani Hospital, Virar","401303","0250 2502284, 0250 2505029, 0250 3211812","NA","NA","NA","NA","NA","NA","NA","NA","NA","NA"
"1437","Maharashtra","Thane","Thane","Sarla Blood Bank","Ravi Hospital 1st Floor, 50 Anand Nagar, Navghar Vasai (W)","401202","0250 2332684, 0250 2349950, 0250 3256565,0250 2332425","NA","NA","NA","NA","NA","NA","NA","NA","NA","NA"
"1438","Maharashtra","Thane","Thane","Tssia Blood Bank","Tssia House, Road No.P 26/T,Rd-16, Wagle Estate, Thane (W)","400604","022 25803263, 022 39410060, 022 25362283","NA","NA","NA","NA","NA","NA","NA","NA","[=19]19","[=73]73"
"1439","Maharashtra","Thane","Thane","Katiya Charitable Trusts Bhiwandi Blood Bank","271,Second Floor Al-Hera Complex Teen Batti Bhiwandi Thane","421302","02522 258065, 02522 221858, 02522 251614","NA","NA","NA","NA","NA","NA","NA","NA","NA","NA"
"1440","Maharashtra","Thane","Thane","Kai Wamanrao oak Blood Bank","Ghantali Mandir Road, Vishnu Nagar, Naupada, Thane","400602","022 25385248, 022 25392440","NA","NA","NA","NA","NA","NA","NA","NA","NA","NA"
"1441","Maharashtra","NA","NA","Gor Banjara RSS Jankalyan Samiti, Seva Blood Bank","Basement Puspadev Appt, Near Sarvesh Hall Opp Manav Kalyan Kendra Dombivli","NA","0251 2442283","NA","NA","NA","NA","NA","NA","NA","NA","NA","NA"
"1442","Maharashtra","Thane","Thane","Blood Line Blood Bank","Swargiya Dharmvir Anand Dighe Sankool, Tika No-10, Near vikas Palm, Dr.Ambedkar Road, Thane (w)","NA","022 25374000, 022 25375000, 022 25376000, 022 25375000","NA","NA","NA","NA","NA","NA","NA","NA","[=19]19","[=73]73"
"1443","Maharashtra","Thane","Thane","Kalyan dombivali Municipal Corporation Sponsored Nandakishore Education Society Arpan Blood Bank","2nd floor, Bai Rukhminibal Hospital, Kalyan (w)","NA","0251 3266322","NA","NA","NA","NA","NA","NA","NA","NA","NA","NA"
"1444","Maharashtra","Thane","Thane","Smt. Devkaabai Kalyanji Chheda Amrutvahini Blood Bank","Ashirwad Apartment, 2nd Floor, Dshsnu (E) Dist-Thane","NA","02528 220478, 02528 220614,","NA","NA","NA","NA","NA","NA","NA","NA","NA","NA"
"1445","Maharashtra","Thane","Thane","Sanjeevan Blood Bank, Sanjeevan Blood Bank","1st Floor Indravati Hospital Sector-3, Airoli Navi Mumbai","400705","022 27790286, 022 27790287, 022 27794582","NA","NA","NA","NA","NA","NA","NA","NA","NA","NA"
"1446","Maharashtra","Thane","Thane","Vijayee blood bank","Andrandes bhavan 1st floor, plot No 2, Sr.no 277A Behind Papdi Telephone Exchange, Near Sai Services Vasai (W)","401202","0250 2321050, 0250 6450250","NA","NA","NA","NA","NA","NA","NA","NA","NA","NA"
"1447","Maharashtra","Thane","Thane","Mira Bhayandar Municipal Corporation Rajeev Gandhi Blood Bank","C.S No.30/32 Poonam Sagar Complex near Allahabad Bank Mira Road (E) Dist-Thane","401107","022 64510666","NA","NA","NA","NA","NA","NA","NA","NA","NA","NA"
"1448","Maharashtra","Thane","Thane","Maharashtra Blood Bank, Component and Apheresis Cenre","C- wing, 107/207, Kuldeep Arcade, Near Navli Railway Phatak, Station Road, Palghar (w), Dist: Thane","401404","02525 251102, 02525 253102","NA","NA","NA","NA","NA","NA","NA","NA","NA","NA"
"1449","Maharashtra","Thane","Thane","Chidanand Charitable Trust Dombivali","Siddhi Hospital,Bajiprabhu Chowk, Dombivali (East)","421201","0251 284393","NA","NA","NA","NA","NA","NA","NA","NA","NA","NA"
"1450","Maharashtra","Thane","Thane","Seva Blood Bank","Pushpadev Apartment,Basement,Opp.Manav Kalyan Kendra, Near Sarvesh Hall, Dombivali","421201","0251 2442283","NA","NA","NA","NA","NA","NA","NA","NA","NA","NA"
"1451","Maharashtra","Ratnagiri","Ratnagiri","Indian Red Cross Society Blood Bank","Khareghat Road, Ratnagiri","415612","02352 223262, 02352 222347","NA","NA","NA","NA","NA","NA","NA","NA","NA","NA"
"1452","Maharashtra","Thane","Thane","Chhatrapati Shivaji Maharaj Hospital Blood Bank","Thane Belapur Road, Kalwa Thane","400605","022 25347784, 022 25347785, 022 25347786, 022 25372777, 022 25347791","NA","NA","NA","NA","NA","NA","NA","NA","NA","NA"
"1453","Maharashtra","Thane","Thane","Navi Mumbai Municipal Corporation","General Hospital Vashi, Near St.Mery Church Sector-10, Vashi, Navi Mumbai","400705","022 27888750,022 27899906","NA","NA","NA","NA","NA","NA","NA","NA","NA","NA"
"1454","Maharashtra","Yavatmal","Yavatmal","Shri Vasantrao Naik Blood Bank, Government Medical College and Hospital","Yavatmal","445001","07232 242456","NA","NA","NA","NA","NA","NA","NA","NA","[=20]20","[=78]78"
"1455","Maharashtra","Akola","Akola","Civil Surgeon, General Hospital Blood Bank","District Gen Hospital Comp. Z.P.Road, Akola","444005","0724 2434401, 0724 2456143","NA","NA","NA","NA","NA","NA","NA","NA","[=21]21","[=77]77"
"1456","Maharashtra","Akola","Akola","Dist-Hospital for Women, Blood Bank","Plot No.2, OPD Building District Hospital for Women Near Durga Chowk Akola","444001","0724 2433398, 0724 2433778, 0724 2457073","NA","NA","NA","NA","NA","NA","NA","NA","NA","NA"
"1457","Maharashtra","Amravati","Amravati","Civil Surgeon, Dist- General Hospital Blood Bank","Amravati,Dist - General Hospital Blood Bank, Irwin Chowk, Amravati","444601","0721 2663337, 0721 2663339, 0721 2663338","NA","NA","NA","NA","NA","NA","NA","NA","NA","NA"
"1458","Maharashtra","Buldhana","Buldhana","Government Hospital Blood Bank","General Hospital Shegaon Road, Khamgaon Dist-Buldhana","444303","07263 255332, 07263 255332","NA","NA","NA","NA","NA","NA","NA","NA","[=21]21","[=77]77"
"1459","Maharashtra","Thane","Thane","Lokmanya TSSIA Blood Bank, Thane","Tssia House, Road No.P 26/T,Rd-16,Next to Thane Janata Sahakari Bank, Behind the petrol pump, Wagle Estate, Thane (W)","400604","NA","NA","NA","NA","NA","NA","NA","NA","NA","[=19]19","[=74]74"
"1460","Maharashtra","Buldhana","Buldhana","Saibai Mote General Hospital Blood Bank","Shegaon, Saibai Mote General Hospital Shegaon Dist-Buldhana","444203","07265 252020, 07265 253241, 07265 252866","NA","NA","NA","NA","NA","NA","NA","NA","[=21]21","[=77]77"
"1461","Maharashtra","Buldhana","Buldhana","Civil Surgeon, District General Hospital Blood Bank","Buldhana, General Hospital Blood Bank Buldhana (M.S)","443001","07262 242423, 07262 242423","NA","NA","NA","NA","NA","NA","NA","NA","NA","NA"
"1462","Maharashtra","NA","NA","Civil Surgeon, General Hospital Blood Bank Washim","General Hospital Blood Bank, Near Akola Naka Washim","NA","07252 233066, 07252 233379","NA","NA","NA","NA","NA","NA","NA","NA","NA","NA"
"1463","Maharashtra","Akola","Akola","Dr. Vivek Pimpalkar Blood Bank","Akola, plot no-9/7, Krishna Kripa Building, M.G.Road, Akola","444101","0724 2453533, 0724 2438271","NA","NA","NA","NA","NA","NA","NA","NA","NA","NA"
"1464","Maharashtra","Buldhana","Buldhana","Jeevan dhara Buldhana Urban Blood Bank","Tehsilto Stadium road, Buldhana","443001","07262 242024","NA","NA","NA","NA","NA","NA","NA","NA","NA","NA"
"1465","Maharashtra","Akola","Akola","Shriram Blood Bank","T.K.Chembers, Ratanlal Plot, Akola","444101","0724 2433175, 0724 2434858","NA","NA","NA","NA","NA","NA","NA","NA","NA","NA"
"1466","Maharashtra","Buldhana","Buldhana","Dr. Murlidhar Kharche Memorial Jeevan Jyoti Blood Bank","Bharat Kala Rd., Malkapur","443101","07267 222450, 07267 222650,07267 222450, 07267 222650","NA","NA","NA","NA","NA","NA","NA","NA","NA","NA"
"1467","Maharashtra","Yavatmal","Yavatmal","Laxmi Blood Bank","Pusad","445204","07233 246775, 07233 246535, 07233 246535","NA","NA","NA","NA","NA","NA","NA","NA","NA","NA"
"1468","Maharashtra","Yavatmal","Yavatmal","Satyashanti Blood Bank","2nd floor Satyashanti Hospital, Opp. Bus Stand, At-Pusad","445204","07233 248095, 07233 246095","NA","NA","NA","NA","NA","NA","NA","NA","NA","NA"
"1469","Maharashtra","Akola","Akola","Akola Diagnostic Centre Blood Bank and Component Lab","Shivdwar, Civi Line Chowk, Opp LRT College","444001","0724 2437179, 0724 2400661","NA","NA","NA","NA","NA","NA","NA","NA","NA","NA"
"1470","Maharashtra","Akola","Akola","Dr. Mankar Memorial Blood Bank","Amankha Plot","444005","0724 2457530, 0724 2458079","NA","NA","NA","NA","NA","NA","NA","NA","NA","NA"
"1471","Maharashtra","Akola","Akola","Dr. Hedgewar Blood Bank","Akola,Balaji Plot SBI Colony no - 1, Akola","444005","0724 2491264, 0724 2491265, 0724 2491266, 0724 2491264","NA","NA","NA","NA","NA","NA","NA","NA","[=21]21","[=79]79"
"1472","Maharashtra","Akola","Akola","ICON Blood Bank,Ganediwal Charitable Trust","ICON Blood Bank, ICON Hospital, Kedia plot, Akola","444001","0724 2421263, 0724 2421264","NA","NA","NA","NA","NA","NA","NA","NA","NA","NA"
"1473","Maharashtra","Amravati","Amravati","Shri Balaji Blood Bank","Blood Component Lab and Blood Transfusion Center,1st Floor, Alsi Complex, Ambapeth, Amravati","444601","0721 2671600, 0721 2574495","NA","NA","NA","NA","NA","NA","NA","NA","NA","NA"
"1474","Maharashtra","Amravati","Amravati","Dr. P.D.M.H.C. Hospital and Research Centre","Block-A,1st Floor, Shivaji Nagar, Amravati","440603","0721 2552353, 0721 2662323, 0721 2665545,0721 2661742","NA","NA","NA","NA","NA","NA","NA","NA","NA","NA"
"1475","Maharashtra","Amravati","Amravati","Sant Gadgebaba Blood Bank and Component Centre","Badnera,Opp.Shrihari hospital, Juni vasti, Badnera Amravati","444701","0721 2580455,0721 2580490","NA","NA","NA","NA","NA","NA","NA","NA","NA","NA"
"1476","Maharashtra","Buldhana","Buldhana","Lilavati Blood Bank","John Lay Out, Jan bhrun Road Dist-Buldhana","443001","07262 243811,07262 243811","NA","NA","NA","NA","NA","NA","NA","NA","NA","NA"
"1477","Maharashtra","Buldhana","Buldhana","Shri. Brahman Swrankar Samaj Trust","Farshi, Main Road, Khamgaon, Dist-Buldhana","444303","07263 255577,07263 259334","NA","NA","NA","NA","NA","NA","NA","NA","NA","NA"
"1478","Maharashtra","Amravati","Amravati","Dr Late Sadanadaji Burma Memorial Blood Bank","Paratwada,Dist Amravati","NA","07252 232056, 07252 233092","NA","NA","NA","NA","NA","NA","NA","NA","NA","NA"
"1479","Maharashtra","Washim","Washim","Sau Kantadevi Dale Blood Bank","Maa Ganga Memorial Baheti Hospital, Akola Naka, Washim","444505","07252 234343,07252 235606","NA","NA","NA","NA","NA","NA","NA","NA","NA","NA"
"1480","Maharashtra","Yavatmal","Yavatmal","Aieshwarya Blood Bank","Survey No.3/2, Godhani Road, Gurunanak Nagar, Near Amolakshand College Mouza, Umarsara Dist-Yavatmal","445001","07232 252500,07232 242340","NA","NA","NA","NA","NA","NA","NA","NA","NA","NA"
"1481","Maharashtra","Yavatmal","Yavatmal","Shri Gajanan Blood Bank And Components","Property no: 71, Road no.9, 2nd floor , Bajaj Satkar Bhavan, Yavatmal(m.s)","444001","07232 242985","NA","NA","NA","NA","NA","NA","NA","NA","NA","NA"
"1482","Maharashtra","Yavatmal","Yavatmal","Ekneel Blood Bank","Near City Centre,Datta Chowk","445001","07232 250111","NA","NA","NA","NA","NA","NA","NA","NA","NA","NA"
"1483","Maharashtra","Aurangabad","Aurangabad","Reginal Blood Bank Government Medical College and Hospital","Aurangabad","NA","0240 2402108, 0240 2402108,0240 242418","NA","NA","NA","NA","NA","NA","NA","NA","[=20]20","[=75]75"
"1484","Maharashtra","Aurangabad","Aurangabad","MGM Medical College and Hospital Blood Bank","N-6 , Town Centre CIDCO","400012","0240 6601100, 0240 2484445, 0240 2487727","NA","NA","NA","NA","NA","NA","NA","NA","NA","NA"
"1485","Maharashtra","Aurangabad","Aurangabad","Dattaji Bhale Blood BankHedgewar Hospital","Dr.Hegdewar Rugnalaya Campus Garkheda Parisar","431005","0240 2335196, 0240 2352371, 0240 2343481, 0240 2331195","NA","NA","NA","NA","NA","NA","NA","NA","[=20]20","[=75]75"
"1486","Maharashtra","Aurangabad","Aurangabad","Lokmanya Blood BankGopinath Chambers","Adalat Road","431005","0240 2335516,0240 2328632,0240 2342877, 0240 232862","NA","NA","NA","NA","NA","NA","NA","NA","[=20]20","[=75]75"
"1487","Maharashtra","Aurangabad","Aurangabad","Seth Nandlal Dhoot Hospital Blood Bank","A-1, MIDC, Chikalthana, Jalna Road","431210","0240 2489001, 0240 2485331","NA","NA","NA","NA","NA","NA","NA","NA","NA","NA"
"1488","Maharashtra","Aurangabad","Aurangabad","Arpan Voluntary","2nd floor, Sonia Chambers, Opp Seven Hills Flyover, Jalna Road","431001","0240 2345359,0240 6604204, 0240 2390814","NA","NA","NA","NA","NA","NA","NA","NA","NA","NA"
"1489","Maharashtra","Aurangabad","Aurangabad","Amruta Blood Bank","1st floor, Shop No 102,103, Nano Mall Complex, Near Shahnoormiya Durga","431001","0240 2060145,0240 2351145","NA","NA","NA","NA","NA","NA","NA","NA","NA","NA"
"1490","Maharashtra","Jalna","Jalna","Civil Surgeon, General Hospital","Balod Bank Survey No-488, Infront of collector office , Civil Hospital Jalna","431203","02482 224381, 02482 224393","NA","NA","NA","NA","NA","NA","NA","NA","[=20]20","[=76]76"
"1491","Maharashtra","Jalna","Jalna","Jankalyan Blood Bank","Wing No-03, S, No 224, Shri Chatrapati Shivaji Maharaj Bazar Sankul, Old Cotton Market Yard","431203","02482 238397, 02482 243085,02482 232407","NA","NA","NA","NA","NA","NA","NA","NA","NA","NA"
"1492","Maharashtra","Jalna","Jalna","Noor Hospital Blood Bank","Warudi, Tq-Badnapur","431202","02482 222515","NA","NA","NA","NA","NA","NA","NA","NA","NA","NA"
"1493","Maharashtra","Parbhani","Parbhani","Civil Surgeon, District General Hospital Blood Bank","Subhash Road Parbhani","414001","02452 223458, 02452 231287","NA","NA","NA","NA","NA","NA","NA","NA","[=19]19","[=77]77"
"1494","Maharashtra","Hingoli","Hingoli","Civil Surgeon, District General Hospital Blood Bank","Akola Road Risala Bazar, Hingoli","431513","02456 224118","NA","NA","NA","NA","NA","NA","NA","NA","[=20]20","[=77]77"
"1495","Maharashtra","Nanded","Nanded","Dr. Shankarrao Chavan Government Medical College and Guru Govindsinghji Memorial Hospital Blood Bank","Vazirabad, Nanded","NA","02462 235711,02462 234702","NA","NA","NA","NA","NA","NA","NA","NA","[=19]19","[=77]77"
"1496","Maharashtra","Nanded","Nanded","Indian Red Cross Society Blood Bank","Parsi Anjuman Complex, Vazirabad, Nanded","431602","02462 236699,02462 231012,02462 236633, 02462 227335","NA","NA","NA","NA","NA","NA","NA","NA","NA","NA"
"1497","Maharashtra","Nanded","Nanded","Golvalkar Guruji Blood Bank","Plot No.2-12-407, Bandhaghat Road, Vazirabad, Nanded.","431601","02462 243300","NA","NA","NA","NA","NA","NA","NA","NA","NA","NA"
"1498","Maharashtra","Nanded","Nanded","Arpan Blood Bank","2nd floor ,Dayma Complex, Doctor Lane, Ghamodia,Nanded","431601","02462 241587, 02452 239587","NA","NA","NA","NA","NA","NA","NA","NA","[=19]19","[=77]77"
"1499","Maharashtra","Nanded","Nanded","Arpan Voluntary","Plot No -66, Survey No-53, Mahalaxmi Nagar, Nanded","431601","02462 245551,02462 245552, 02462 245555","NA","NA","NA","NA","NA","NA","NA","NA","NA","NA"
"1500","Maharashtra","Nanded","Nanded","Guru Gobindsinghji Blood bank","Geeta Bhavan 1and2 Floor, House No 3-1-366, Near Government, Ayurvedic College, bus stand road, Vazirabad Nanded","431601","02462 233332","NA","NA","NA","NA","NA","NA","NA","NA","[=19]19","[=77]77"
"1501","Maharashtra","Latur","Latur","Civil Surgeon, Government Medical College General Hospital Blood Bank","Government Medical College General Hospital Old Railway Station, Gandhi Chowk Latur","413512","02382 257670, 02382 253017","NA","NA","NA","NA","NA","NA","NA","NA","[=18]18","[=77]77"
"1502","Maharashtra","Latur","Latur","Dr. Bhalchandra Blood Bank","Red Cross Bhavan, Gandhi Market, Latur","413512","02382 246078, 02382 254994","NA","NA","NA","NA","NA","NA","NA","NA","[=18]18","[=77]77"
"1503","Maharashtra","Latur","Latur","Smt. Saraswati Karad Blood Bank","MIMSR Medical College andYashwantrao. Chavan Rural Hospital Amejogai Road,Vishwanath Puram, Latur","413531","02382 227424, 02382 227028","NA","NA","NA","NA","NA","NA","NA","NA","NA","NA"
"1504","Maharashtra","Latur","Latur","Nagappa Amberkhane Blood Bank","Banshelki Road Near Nalegaon Railway Crossing Gate Udgir Dist Latur","413517","02385 258325","NA","NA","NA","NA","NA","NA","NA","NA","NA","NA"
"1505","Maharashtra","Latur","Latur","Arpan Blood Bank","H.No R-3-1030, old Sonawane Hospital Near Ashok Hotel Main Road Latur","413512","02382 251476,02382 252476","NA","NA","NA","NA","NA","NA","NA","NA","NA","NA"
"1506","Maharashtra","Osmanabad","Osmanabad","Civil Surgeon, General Hospital Blood Bank","Civil Hospital Osmanabad, Tqand Dist Osmanabad","413501","02472 226924,02472 226924","NA","NA","NA","NA","NA","NA","NA","NA","[=18]18","[=76]76"
"1507","Maharashtra","Osmanabad","Osmanabad","Shri Krishna Blood Bank","Dr Patange Hospital Building ,Ajay Nagar Omerga, Tq, - Omerga, Dist- Osmanabad","413606","02457 252004, 02457 252232, 02457 252469","NA","NA","NA","NA","NA","NA","NA","NA","NA","NA"
"1508","Maharashtra","Beed","Beed","Civil Surgeon, General Hospital Blood Bank","Civil Hospital Beed, Tqand Dist Beed","431122","02442 220609, 02442 222618","NA","NA","NA","NA","NA","NA","NA","NA","NA","NA"
"1509","Maharashtra","Beed","Beed","Swami Ramanand Tirth Arben Medical College Hospital Blood Bank","Swami Ramanand Tirth Arben Medical College Hospital Ambajogai Tq. Ambajogai Dist Beed","431517","02446 244472, 02446 247132","NA","NA","NA","NA","NA","NA","NA","NA","[=19]19","[=76]76"
"1510","Maharashtra","Beed","Beed","Vaidynath Blood Bank","H. No-8, CS No- 684/22, Jay Nagar,Parli Vaijnath Dist Beed","431515","02446 223584","NA","NA","NA","NA","NA","NA","NA","NA","NA","NA"
"1511","Maharashtra","Beed","Beed","Navjivan Blood Bank","Plot No 2-10-240 1 st floor, Jalna Road, Opp M.S.E.B. Office Beed Dist Beed","431122","02442 233423, 02442 232434, 02442 223975","NA","NA","NA","NA","NA","NA","NA","NA","NA","NA"
"1512","Maharashtra","Aurangabad","Aurangabad","Aurangabad Blood Bank","Opp to Sparsh Hospital, Jawahar Nagar, Akashwani, Aurangabad","431001","0240 2330400","NA","NA","NA","NA","NA","NA","NA","NA","NA","NA"
"1513","Maharashtra","Parbhani","Parbhani","Newlife Blood Bank","Plot No 22, Survey No 389 & 394, Beside Gurudwara, Station Road, Parbhani","431401","02452 220222","NA","NA","NA","NA","NA","NA","NA","NA","NA","NA"
"1514","Maharashtra","Nanded","Nanded","Nanded Blood Bank","Shivaji Nagar ,Opp Adhar Hospital, Nanded","NA","02462 233810","NA","NA","NA","NA","NA","NA","NA","NA","NA","NA"
"1515","Maharashtra","Aurangabad","Aurangabad","Lions Blood Bank","1st floor, Near Tej Bahadur English School ,Osampura,Aurangabad","431005","0240 2337255","NA","NA","NA","NA","NA","NA","NA","NA","NA","NA"
"1516","Maharashtra","Nanded","Nanded","Hazur Saheb Blood Bank","2nd Floor, opp Bank of India, Sant kripa market, GG road, Nanded","431601","02462 248888, 02462 239999","NA","0246 2244948","NA","NA","NA","NA","NA","NA","NA","NA"
"1517","Maharashtra","Latur","Latur","Maule Pratishtan ,Mauli Blood Bank","Gayatri Hospital,Barshi Road, Latur","NA","02382 224000","NA","02382 255071","NA","NA","NA","NA","NA","NA","NA","NA"
"1518","Maharashtra","NA","NA","Arpan Blood Bank","3rd floor,Thorat Hospital, Anand Nagar,DP road,Ambejogai","NA","02446 245002","NA","NA","NA","NA","NA","NA","NA","NA","NA","NA"
"1519","Maharashtra","Nagpur","Nagpur","Government Medical College Blood Bank, Nagpur","In charge Blood Bank Government Medical College and Hospital Blood Bank, 2nd Floor Hanuman Nagar, Nagpur","440003","0712 2744695, 0712 2744489","NA","NA","NA","NA","NA","NA","NA","NA","[=21]21","[=79]79"
"1520","Maharashtra","Nagpur","Nagpur","Super Speciality Hospital and Medical Post Graduate Institute Blood Bank","Maenad Rd, Near RST Cancer Hospital, Nagpur","440003","0712 2703501, 0712 2746682","NA","NA","NA","NA","NA","NA","NA","NA","NA","NA"
"1521","Maharashtra","Nagpur","Nagpur","Indira Gandhi Medical College and Hospital Blood Bank","IGMC Hospital, Central Avenue Road, Nagpur","440018","0712 2728621, 0712 2774766","NA","NA","NA","NA","NA","NA","NA","NA","[=21]21","[=79]79"
"1522","Maharashtra","Bandera","Bandera","Civil Hospital Bandera Blood Bank","General Hospital Blood Bank, Bandera","441904","07184 252247, 07184 255151","NA","NA","NA","NA","NA","NA","NA","NA","[=21]21","[=80]80"
"1523","Maharashtra","Chandrapur","Chandrapur","General Hospital Blood Bank","General Hospital Blood Bank, Chandrapur","442401","07172 25040, 07172 252103, 07172 253992","NA","NA","NA","NA","NA","NA","NA","NA","[=20]20","[=79]79"
"1524","Maharashtra","Gadchiroli","Gadchiroli","Sub-District Rural Hospital Blood Bank","Aheri, At Post & Tal. Aheri, District Gadchiroli","442705","07133 272072, 07133 202072","NA","NA","NA","NA","NA","NA","NA","NA","[=19]19","[=80]80"
"1525","Maharashtra","Gadchiroli","Gadchiroli","Civil Surgeon, General Hospital Blood Bank","Gadchiroli, General Hospital Blood Bank, Gadchiroli","442605","07132 222056, 07132 222644","NA","NA","NA","NA","NA","NA","NA","NA","[=20]20","[=80]80"
"1526","Maharashtra","Gondia","Gondia","Bai Gangabai Ladies Hospital Blood Bank","Gondia, Bai Gangabai Ladies Hospital Blood Bank, Civil Lines, Gondia","441601","07182 237034","NA","NA","NA","NA","NA","NA","NA","NA","[=21]21","[=80]80"
"1527","Maharashtra","Nagpur","Nagpur","Daga Memorial Women Government Hospital Blood Bank","Gandhibag, Nagpur","440002","0712 2729202, 0712 2729333, 0712 2729333","NA","NA","NA","NA","NA","NA","NA","NA","[=21]21","[=79]79"
"1528","Maharashtra","Wardha","Wardha","District - Civil Surgeon, General Hospital Blood Bank Wardha","New Bldg. OPD 1st Floor General Hosp.Dr.Ambedkar Road Near Jilha Parisad Wardha","442001","07152 245249, 07152 250624","NA","NA","NA","NA","NA","NA","NA","NA","[=21]21","[=79]79"
"1529","Maharashtra","Nagpur","Nagpur","Central India Institute of Haematology and Oncologys Blood and Blood Component Bank and Apheresis Unit,Superspeciality Blood and Cancer Hospital","Plot No-14/2, Park Corner, Bal raj Marg, Near Loma Square,Dhantoli, Nagpur","440012","0712 2430038 , 0712 2428972 , 0712 6464198","NA","NA","NA","NA","NA","NA","NA","NA","NA","NA"
"1530","Maharashtra","Bandera","Bandera","Abashed Blood Bank","Indian Medical Charitable Trust, Main Road Gandhi chowk Bhandara","441904","07184 250786","NA","NA","NA","NA","NA","NA","NA","NA","NA","NA"
"1531","Maharashtra","Chandrapur","Chandrapur","Ankur Hospital Blood Bank","Balaji Ward, Chandrapur","442402","07172 251522, 07172 255522 , 07172 264522","NA","NA","NA","NA","NA","NA","NA","NA","NA","NA"
"1532","Maharashtra","Chandrapur","Chandrapur","Dr. Ninawe Blood Bank, Ninawe Hospital","Near Benglur Bakery, Kasturba Rd.Chandrapur","442402","07172 254884, 07172 254994","NA","NA","NA","NA","NA","NA","NA","NA","NA","NA"
"1533","Maharashtra","Chandrapur","Chandrapur","Cristanand Education Society Blood Bank","Brahampuri, Gujri Ward No.2, Chandrapur","441206","07177 272016, 07177 271109, 07177 271109","NA","NA","NA","NA","NA","NA","NA","NA","NA","NA"
"1534","Maharashtra","Nagpur","Nagpur","Jeevan Jyoti Blood Bank and Component","JP Chamber, Madhav Nagar, Dakshin Ambakshari Road Nagpur","440010","0712 2231660, 0712 2230876","NA","NA","NA","NA","NA","NA","NA","NA","NA","NA"
"1535","Maharashtra","Nagpur","Nagpur","Dr. Hegdewar Blood Bank","2, Sitaram Smruti, West High Court Road, Laxmibhuvan Square, Audumbar Apartment, Dharmpeth, Nagpur","440010","0712 2528292, 0712 2538900, 0712 6542233, 0712 2560033","NA","NA","NA","NA","NA","NA","NA","NA","[=21]21","[=79]79"
"1536","Maharashtra","Nagpur","Nagpur","Sainath Blood Bank","1st floor, Manoj Bldg, Central Bajar Road, opp Hotel Centre Point, Ramdaspeth, Nagpur","440010","0712 2452035","NA","NA","NA","NA","NA","NA","NA","NA","[=21]21","[=79]79"
"1537","Maharashtra","Nagpur","Nagpur","Ayush Blood Bank and component Lab","9th Floor, A wing, 901-905,910-912 ,Lokmat Building Nagpur","440010","0712 6618666, 0712 5631137","NA","NA","NA","NA","NA","NA","NA","NA","NA","NA"
"1538","Maharashtra","Nagpur","Nagpur","Lifeline Blood Bank Components and Apherisis Centre","Neeti Gaurav complex , 2nd floor, Central Bazar road, Lokmat Square, Ramdaspeth, Nagpur","400010","0712 6618222, 0712 2436167","NA","NA","NA","NA","NA","NA","NA","NA","[=21]21","[=79]79"
"1539","Maharashtra","Nagpur","Nagpur","Rainbow Blood Bank","3rd Floor, 282, Rainbow Diagnostic Services Central Bazar Road, Ramdas Peth, Nagpur","440010","0712 6636666, 0712 6636666","NA","NA","NA","NA","NA","NA","NA","NA","NA","NA"
"1540","Maharashtra","Nagpur","Nagpur","NKP Salve Inst.of Med.Sci. and Res.Center.Lata Mangeshkar Hosp, Blood Bank","5,YMCA Complex, Digdoh Hills, Hingna Road, Nagpur","440019","07104 236290, 07104 236290, 07104 236291, 07104 232905","NA","NA","NA","NA","NA","NA","NA","NA","NA","NA"
"1541","Maharashtra","Wardha","Wardha","Kasturba Health Society Blood Bank","Sevagram,Department of Pathology, MGIMS and Kasturba Hospital Sevagram, District Wardha","442102","07152 284108, 07152 284333","NA","NA","NA","NA","NA","NA","NA","NA","NA","NA"
"1542","Maharashtra","Wardha","Wardha","Jawaharlal Nehru Medical College Blood Bank","Savangi(Meghe), Paloti Road District Wardha","442004","07152 287877, 07152 287701, 07152 287706, 07152 287714 , 07152 287711","NA","NA","NA","NA","NA","NA","NA","NA","NA","NA"
"1543","Maharashtra","Dhule","Dhule","Shri Bhausaheb Hire Government Medical College and Hospital","Civil Hospital Compound, Sakri Road Dhule","424001","02562 288833","NA","NA","NA","NA","NA","NA","NA","NA","[=21]21","[=75]75"
"1544","Maharashtra","Ahmednagar","Ahmednagar","Civil Surgeon, General Hospital","Dist Government Hospital Tarak pur Savedi Road, Circle Nashik, Ahmednagar","414001","0241 2430127, 0241 2431985, 0241 2430127","NA","NA","NA","NA","NA","NA","NA","NA","[=19]19","[=75]75"
"1545","Maharashtra","Jalgaon","Jalgaon","General Hospital Blood Bank","Zilha Peth Jalgaon","425001","0257 2226642, 0257 2252145","NA","NA","NA","NA","NA","NA","NA","NA","[=21]21","[=76]76"
"1546","Maharashtra","Nandurbar","Nandurbar","Civil Surgeon, District General Hospital Blood Bank","Nandurbar, Railway Station Road Survey no.406 civil hospital Compound Sakri Road, Near Collector Office Nandurbar","425412","02564 202510, 02564 210135,02564 226225, 02564 210122","NA","NA","NA","NA","NA","NA","NA","NA","[=21]21","[=80]80"
"1547","Maharashtra","Nashik","Nashik","Roachabai Sugnomal Manwani, Cantonment General Hospital","Vadner Road, Devlali Nashik","422401","0253 2493365, 0253 24913377, 0253 541377, 0253 2462068","NA","NA","NA","NA","NA","NA","NA","NA","NA","NA"
"1548","Maharashtra","Nashik","Nashik","Civil Surgeon, District- Civil Hospital Blood Bank","District- Civil Hospital Blood Bank Near Thakkar Bazaar, Trimbak naka, Nashik","422001","0253 2318020, 0253 2577949","NA","NA","NA","NA","NA","NA","NA","NA","[=20]20","[=74]74"
"1549","Maharashtra","Nashik","Nashik","Sainik Aspatal Military Hospital Blood Bank","Sainik Aspatal, Military Hospital, Deolali","NA","NA","NA","NA","NA","NA","NA","NA","NA","NA","NA","NA"
"1550","Maharashtra","Ahmednagar","Ahmednagar","Sanjeevani Blood Bank,Kopargaon","110, Nishigandh, Vivekanand Nagar, Near S.G Vidyalay,Circle Nashik, Kopargaon","423601","02423 222237, 02423 224885, 02423 223117, 02423 223009","NA","NA","NA","NA","NA","NA","NA","NA","NA","NA"
"1551","Maharashtra","Ahmednagar","Ahmednagar","Rotary Blood Bank, Rahuri Charitable Trust","Acharya Anand Rushiji Bhavan, Near Water Tank, Nagar Manmad Road,Circle Nashik, A/P.Rahuri Dist-Ahmednagar","413705","02426 232975, 02426 232893","NA","NA","NA","NA","NA","NA","NA","NA","NA","NA"
"1552","Maharashtra","Ahmednagar","Ahmednagar","Arpan Blood Bank","Sanamner,First Floor, H.No.1542/43, above Bank of Badoda Swatantrya Chowk, Sangamner, Circle Nashik, Ahmednagar","414001","02425 226036, 02425 226036","NA","NA","NA","NA","NA","NA","NA","NA","NA","NA"
"1553","Maharashtra","Ahmednagar","Ahmednagar","Jankalyan Blood Bank, Nalegaon","Gadgil Patangan, Nalegaon, Circle Nashik,Ahmednagar","414001","0241 2346647, 0241 2329827, 0241 2325661","NA","NA","NA","NA","NA","NA","NA","NA","[=19]19","[=74]74"
"1554","Maharashtra","Ahmednagar","Ahmednagar","Pravara Medical Trust Blood Bank, Pravara Rural Hospital and Medical Dental College Loni (BK)","TQ.Rahata District Ahmednagar","413736","02422 271201, 02422 271528, 02422 2733413","NA","NA","NA","NA","NA","NA","NA","NA","NA","NA"
"1555","Maharashtra","Ahmednagar","Ahmednagar","Jondhales Nitya Seva Blood Bank","R.C.Complex, Mamlatdar Kacheri Road, Circle Nashik, Shriram Dist-Ahmednagar","413709","02422 224000, 02422 225000, 02422 222797, 02422 224000","NA","NA","NA","NA","NA","NA","NA","NA","NA","NA"
"1556","Maharashtra","Ahmednagar","Ahmednagar","Shri. Sainath Blood Bank","opp. Bus Stand, Shri Saibaba Sansthan, Shirdi Tal - Rahata,Dist - Ahmednagar","423109","02423 258794, 02423 258660","NA","NA","NA","NA","NA","NA","NA","NA","NA","NA"
"1557","Maharashtra","Ahmednagar","Ahmednagar","Padm.Dr.Vithalrao Vikhe Patil Found.Ahmednagar Med.Collg.Hospital","Opp.Government Milk Dairy Vadgaon Gupta M.I.D.C., Circle Nashik, Ahmednagar","414111","0241 2778042, 0241 2779782","NA","NA","NA","NA","NA","NA","NA","NA","NA","NA"
"1558","Maharashtra","Ahmednagar","Ahmednagar","Shrirampur Blood Bank","Shrirampur","413709","02422 224293, 02422 210600","NA","NA","NA","NA","NA","NA","NA","NA","NA","NA"
"1559","Maharashtra","Ahmednagar","Ahmednagar","Anand rushiji Blood Bank","Survey no.16/1, plot no.2 behind Anadrushiji Hospital Burudgaon road,Circle Nashik, Ahmednagar","414001","0241 2320472, 0241 2359085","NA","NA","NA","NA","NA","NA","NA","NA","NA","NA"
"1560","Maharashtra","Ahmednagar","Ahmednagar","Jeevanraj Charitable Foundation,s Ahmednagar Blood Bank","F.p.No. - 17, 2nd Floor, Ahmednagar Zillha Krishi Audyogik Sarva Seva Sahakari Sanstha Maryadit, Market Yard, Circle NashikAhmednagar","414001","0241 2450099","NA","NA","NA","NA","NA","NA","NA","NA","NA","NA"
"1561","Maharashtra","Ahmednagar","Ahmednagar","Nandkishor Education Society, Arpan Blood Bank","1st Floor, SAHAKAR Kranti Bldg. Market Yard, Circle Nashik, Ahmednagar","414001","0241 2451700, 0241 2451800","NA","NA","NA","NA","NA","NA","NA","NA","NA","NA"
"1562","Maharashtra","Dhule","Dhule","Shree Navjeevan Blood Bank and Component Laboratary, Dhule","Plot No.39, Behind Vaibhav Nagar, Behind LIC Colony, Sushil Nagar Golibar Tekdi","424001","02562 245662, 02562 246289, 02562 245662","NA","NA","NA","NA","NA","NA","NA","NA","[=21]21","[=75]75"
"1563","Maharashtra","Dhule","Dhule","Jawahar Medical Foundation Blood Bank","Hutatma Shririshkumar Nagar, Opp.Jawahar Suthgirani, Morane, Sakri Road, Dhule","424001","02562 276317, 02562 277298","NA","NA","NA","NA","NA","NA","NA","NA","NA","NA"
"1564","Maharashtra","Dhule","Dhule","Jeevan Jyoti Blood Bank","3252 Agra Road, near Prabhakar Theater","424001","02562 232807, 02562 236807","NA","NA","NA","NA","NA","NA","NA","NA","NA","NA"
"1565","Maharashtra","Dhule","Dhule","Janseva Blood Bank","Fulwala Chowk, (C.S.No.1415/A/1/A) Lane no. 4 Dr.Odhekar Bldg, Agra Road","424001","02562 238262","NA","NA","NA","NA","NA","NA","NA","NA","NA","NA"
"1566","Maharashtra","Jalgaon","Jalgaon","Madhavrao Golwalkar Swayamsevi Blood Bank","273, Navi Peth, Jalgaon","425001","0257 2234590, 0257 2261979","NA","NA","NA","NA","NA","NA","NA","NA","NA","NA"
"1567","Maharashtra","Jalgaon","Jalgaon","Jeevan Surabhi Blood Bank","Laxmi Nagar, Kargaon Road, Chalisgaon Dist-Jalgaon","424101","02589 223833, 02589 222833","NA","NA","NA","NA","NA","NA","NA","NA","NA","NA"
"1568","Maharashtra","Jalgaon","Jalgaon","Jeevanshri Raktapedi","I st Floor, Rasmanju complex, Bhagwat Road, Amalner","425401","NA","NA","NA","NA","NA","NA","NA","NA","NA","NA","NA"
"1569","Maharashtra","Jalgaon","Jalgaon","Dhanwantri Blood Bank","H.no. 5/464/1 T.P.Scheme No-1, Survey No 124/1/3A Plot no 777/3, Jamner Road, Rangoli Hotel Jawal Anand Nagar Bhusawal Dist - Jalgaon","425201","02582 243243","NA","NA","NA","NA","NA","NA","NA","NA","NA","NA"
"1570","Maharashtra","Jalgaon","Jalgaon","Godavari Foundations Dr.Ulhas Patil Medical College and Hospital Blood Bank","Hospital Blg, 2nd floor, Gat no.315/316/321/305 Jalgaon-Bhsawal Road,N.H no -6 Jalgaon (kh)","425309","0257 3058539, 0257 3058526","NA","NA","NA","NA","NA","NA","NA","NA","NA","NA"
"1571","Maharashtra","Nandurbar","Nandurbar","Jankalyan Rakta Pedhi","Nandurbar,1st Floor,Vivekanand Hospital, Desaipura, Nandurbar","425412","02564 226934, 02564 226935,02564 222226","NA","NA","NA","NA","NA","NA","NA","NA","NA","NA"
"1572","Maharashtra","Nashik","Nashik","Ansar Blood Bank","Malegaon,1398/1, Islampura, Industrial Society Compound, Quidwai Road, Malegaon Nashik","423203","02554 238383, 02554 230169, 02254 230039","NA","NA","NA","NA","NA","NA","NA","NA","NA","NA"
"1573","Maharashtra","Nashik","Nashik","Arpan Blood Bank and Blood Component Laboratory and Research Centre","Athawale Chambers, Tilak Road, Nashik","422001","0253 2576058, 0253 2311358, 0253 2313662","NA","NA","NA","NA","NA","NA","NA","NA","[=20]20","[=74]74"
"1574","Maharashtra","Nashik","Nashik","Malegaon Blood Bank","50,Tipare Colony, Camp Road, Malegaon TQ.Malegaon Dist-Nashik","423105","02554 252731, 02554 256967, 02554 252731, 02554 256967","NA","NA","NA","NA","NA","NA","NA","NA","NA","NA"
"1575","Maharashtra","Nashik","Nashik","Jankalyan Blood Bank","Nashik,3, Shree Nagar, Old Gangapur Naka, Gangapur Road, Nashik","NA","0253 2573493, 0253 2575249, 0253 2313722","NA","NA","NA","NA","NA","NA","NA","NA","[=20]20","[=74]74"
"1576","Maharashtra","Nashik","Nashik","Seva Blood Bank","Nilkanth Building, Satana Naka, Satana Rd, Malegaon, Dist-Nashik","NA","02554 321825","NA","NA","NA","NA","NA","NA","NA","NA","NA","NA"
"1577","Maharashtra","Nashik","Nashik","NDMVPS Medical College and Hospital Blood Bank","At Past Adgaon Dist Nashik","NA","0253 2303802, 025 32303930","NA","NA","NA","NA","NA","NA","NA","NA","NA","NA"
"1578","Maharashtra","Nashik","Nashik","Samta Blood Bank","F-1, 1st floor Suyojit Comercial Complex, Mumbai Agra Highway, above vishal mega mart, Mumbai naka Nashik","422001","0253 2504199, 0253 2504299","NA","0253 2504399","NA","NA","NA","NA","NA","NA","[=20]20","[=74]74"
"1579","Maharashtra","Nashik","Nashik","Sanjeevani Blood Bank","Nashik,Krushna-Chaya Bangla, Plot No. 10/11, Kurdukar Nagar, Behind Fame Theatre, Nashik Pune Road, Nashik","422006","0253 2411888","NA","NA","NA","NA","NA","NA","NA","NA","NA","NA"
"1580","Maharashtra","Nashik","Nashik","Jijau Mahila sevabhavi sansthan Nashik Blood Bank and Transfusion Research institute blood bank","Ishwar Krupa Ganesh nagar, Tidke colony, Nashik","NA","0253 2232996","NA","NA","NA","NA","NA","NA","NA","NA","NA","NA"
"1581","Maharashtra","Ahmednagar","Ahmednagar","Poonam Janjagruti Sansthan Sanchit Ashtavinayak Blood Bank","Skylab Superspeciality ,Sai Palace First floor,Opp Akashvani Kendra,Near Proffessor Colony Chawk,Ahmednagar","414003","0241 2421334, 0241 2421335","NA","NA","NA","NA","NA","NA","NA","NA","NA","NA"
"1582","Maharashtra","Nashik","Nashik","HAL Ozar Township Infront of Gem High School ,Ozar ,Tal-Niphad,Nashik","HAL Ozar Township Infront of Gem High School ,Ozar ,Tal-Niphad,Nashik","NA","02550 275463, 02550 275849","NA","NA","NA","NA","NA","NA","NA","NA","NA","NA"
"1583","Maharashtra","Jalgaon","Jalgaon","Indian Red Cross Society Blood Bank","Near Civil Hospital, Athwadi Bazar, Opp.B.J.Market Jalgaon","425001","0257 2226233, 0257 2236255, 0257 2235855, 0257 2226233","NA","NA","NA","NA","NA","NA","NA","NA","[=17]17","[=73]73"
"1584","Maharashtra","Jalgaon","Jalgaon","Askaran Tarachand Jain Blood Bank","Jawahar Market, First Floor, Near Police Station Chopda, District Jalgaon","425107","02586 221019, 02586 220457, 02586 220468","NA","NA","NA","NA","NA","NA","NA","NA","[=21]21","[=76]76"
"1585","Maharashtra","Nashik","Nashik","J.D.C. Bytco Hospital Blood Bank","1st Flr,Bytco Hospital, Nashik Road, Behind Durga Garden Shahu Path Nashik","422101","0253 2460251, 0253 24605352","NA","NA","NA","NA","NA","NA","NA","NA","NA","NA"
"1586","Maharashtra","Dhule","Dhule","Atul Medical and Rehabilitation Societys Arpan Blood Bank","Atul Medical and Rehabilitation Society, Arpan Blood Bank Dhule JainOswal Boarding, Ganpati Road, Near Santoshi Mata Mandir, Dhule, Nashik","424001","NA","NA","NA","NA","NA","NA","NA","NA","NA","NA","NA"
"1587","Maharashtra","Dhule","Dhule","Arpan Blood Bank","Dhule","424001","02562 229163, 02562 229164","NA","02562 229161","NA","NA","NA","NA","NA","NA","NA","NA"
"1588","Maharashtra","Dhule","Dhule","Shree Swami Samartha Vaidyakiya Shaikshanik andSanshodhan Sanstha, Late Shri Mukeshbai Patel Blood Bank( Whole Human Blood and other 4 component)","1st floor, Agrasen Patpedhi, Maharaja Complex Shirpur Dhule","425405","09422562094, 09823000000","NA","NA","NA","NA","NA","NA","NA","NA","NA","NA"
"1589","Maharashtra","NA","NA","Shahada Blood Bank( Whole Human Blood )","Shahada","NA","02565 223446","NA","NA","NA","NA","NA","NA","NA","NA","NA","NA"
"1590","Maharashtra","Kolhapur","Kolhapur","Rajashri Chatrapati Shahu Maharaj Government Medical College and chatrapati Pramilaraje General Hospital Blood Bank","Dasara Chowk, Somwar Peth, Kolhapur","416002","0231 2665750, 0231 2644337","NA","NA","NA","NA","NA","NA","NA","NA","NA","NA"
"1591","Maharashtra","Pune","Pune","Pune Chest and General Hospital Blood Bank","Pune, Aundh Camp, Pune","NA","020 27285432, 020 27286458","NA","NA","NA","NA","NA","NA","NA","NA","[=19]19","[=74]74"
"1592","Maharashtra","Pune","Pune","Sasoon Sarvopchar Hospital Blood Bank","Ground Floor,Section 5, Opp.Central Medical Stores,Station Rd Pune","NA","020 26126868, 020 24480431","NA","NA","NA","NA","NA","NA","NA","NA","[=19]19","[=74]74"
"1593","Maharashtra","Pune","Pune","Armed Forces Blood Bank","Vanwadi Armed Force Medical College Pune","411040","020 26026038, 020 26306337","NA","NA","NA","NA","NA","NA","NA","NA","NA","NA"
"1594","Maharashtra","Sangli","Sangli","Padma bhushan Vasantdada Patil (Civil Surgeon), Government General Hospital Blood Bank","Dr. Ambedkar Road, Miraj ,Sangli","416416","0233 2374651, 0233 2374585","NA","NA","NA","NA","NA","NA","NA","NA","NA","NA"
"1595","Maharashtra","Satara","Satara","S.S.Venutai.Y.Chavan Sub-District Hospital, Blood Bank Karad","Plot No.290/91, Budhwar peth Station Road, karad Satara","415110","02164 222459, 02164 222459, 02164 221020","NA","NA","NA","NA","NA","NA","NA","NA","NA","NA"
"1596","Maharashtra","Satara","Satara","Civil Surgeon, Sarva Samanya Hospital Blood Bank","Bazar Road, Satara","415001","02162 238494, 02162 235640","NA","NA","NA","NA","NA","NA","NA","NA","NA","NA"
"1597","Maharashtra","Solapur","Solapur","Dean Chatrapati Shivaji Maharaj Sarvopchar Hospital Blood Bank","OPD Building 1st Floor Solapur","413003","0217 2310766, 0217 2749440","NA","NA","NA","NA","NA","NA","NA","NA","NA","NA"
"1598","Maharashtra","Kolhapur","Kolhapur","Late Balasaheb Datye, Lions Blood Bank","Lions Park, Datye Mala, Ichalkaranji Dist-Kolhapur","416115","0230 2436130, 0230 2422117","NA","NA","NA","NA","NA","NA","NA","NA","NA","NA"
"1599","Maharashtra","Kolhapur","Kolhapur","Rajarshi Shahu Blood Bank","Rotary Samaj Seva Centre, 253, K.E.Assembly Road, Kolhapur","416002","0231 2651640, 0231 2324051","NA","NA","NA","NA","NA","NA","NA","NA","[=17]17","[=74]74"
"1600","Maharashtra","Kolhapur","Kolhapur","Mahatma Gandhi Hospital Blood Bank","At.Post-Pargaon, TQ-Hatkanangale, Dist-Kolhapur","416137","0230 2477081, 0230 2477082, 02342 251509","NA","NA","NA","NA","NA","NA","NA","NA","NA","NA"
"1601","Maharashtra","Kolhapur","Kolhapur","Annasaheb Galatge Lions Blood Bank","Gadhinglaj Lions Welfare Association,Gadhinglaj,Doctors Colony, Gadhinglaj, Dist-Kolhapur","416502","02327 223100, 02327 226355, 02327 223100","NA","NA","NA","NA","NA","NA","NA","NA","NA","NA"
"1602","Maharashtra","Kolhapur","Kolhapur","Acharya Shree Tulsi Blood Bank,Udgaon","Gat.No.1232 Sangli - Kolhapur Road, Jaysingpur Udgaon , Kolhapur","416101","02322 227955, 02322 228455, 0230 2438011","NA","NA","NA","NA","NA","NA","NA","NA","NA","NA"
"1603","Maharashtra","Kolhapur","Kolhapur","Dr. D.Y Patil Hospital Blood Bank","Kadamwadi Kolhapur","416003","0231 2653286, 0231 2651027","NA","NA","NA","NA","NA","NA","NA","NA","NA","NA"
"1604","Maharashtra","Kolhapur","Kolhapur","Arpan Blood Bank, Blood Component and Apheresis Centre Kolhapur","1st floor Saroj Appartment,Subhash Road 1315, C Ward, opp.Shramik Bhavan, Laxmipuri, Kolhapur.","416001","0231 2640588, 0231 2640599, 0231 6617208","NA","NA","NA","NA","NA","NA","NA","NA","NA","NA"
"1605","Maharashtra","Pune","Pune","Jankalyan Raktapedhi Pune","1003,Shukrawar Peth,Swargate - Saras Baugh Road, Near.Natraj Hotel, Pune","411002","020 24449527, 020 24444502, 020 24441463","NA","NA","NA","NA","NA","NA","NA","NA","[=19]19","[=74]74"
"1606","Maharashtra","Pune","Pune","Inlaks Budharani Hospital Blood Bank","7-9, Koregaon Park, Pune","411001","020 66099999, 020 66099727, 020 66099703","NA","NA","NA","NA","NA","NA","NA","NA","NA","NA"
"1607","Maharashtra","Pune","Pune","Indian Serological Institute Blood Bank","21, Anand Baugh, Navi Peth, Near Vaikunth, Pune","411030","020 24535244, 020 24535245, 020 24538453","NA","NA","NA","NA","NA","NA","NA","NA","NA","NA"
"1608","Maharashtra","Pune","Pune","Acharya Anandrushiji Blood Bank, Pune","191-192, New Sadashiv Peth, S.M.Joshi Foundation Bldg. Near Patrakar Bhavan Pune","411030","020 24537627, 020 65250707, 020 24531600","NA","NA","NA","NA","NA","NA","NA","NA","NA","NA"
"1609","Maharashtra","Pune","Pune","Akshay Blood Bank","Survey No.10/1/3, Unnati Nagar,Bantar High School, Hadapsar Pune","411028","020 26993247, 020 30924264, 020 30924265","NA","NA","NA","NA","NA","NA","NA","NA","[=18]18","[=74]74"
"1610","Maharashtra","Pune","Pune","Garware Blood Bank, Talegaon Rural Hospital","Talegaon Dhabhade, Tal- Maval, Distirct Pune","410507","02114 223916, 02114 308399","NA","NA","NA","NA","NA","NA","NA","NA","NA","NA"
"1611","Maharashtra","Pune","Pune","Jahangir Nursing Home Blood Bank","32, Sasoon Road, Pune","411001","020 66811722, 020 66811723,020 26050866","NA","NA","NA","NA","NA","NA","NA","NA","NA","NA"
"1612","Maharashtra","Pune","Pune","KEM Hospital Blood Bank","Sardar Moodliar Road, Rastha Peth, Pune","411001","020 26125600, 020 66037324, 020 26125603","NA","NA","NA","NA","NA","NA","NA","NA","[=19]19","[=74]74"
"1613","Maharashtra","Pune","Pune","Medical Foundation A.H. Wadia Trust Blood Bank","40, Sassoon Road, Ruby Hall Clinic, Post Box No. 70, Pune","411001","020 26166318,020 26124527","NA","NA","NA","NA","NA","NA","NA","NA","NA","NA"
"1614","Maharashtra","Pune","Pune","Bharati Vidyapeeth Medical Foundations Bharati Hospital Blood Bank","Sector - 28, Dhankawadi, Pune Satara Road, Pune","411043","020 40555555,020 24379432","NA","NA","NA","NA","NA","NA","NA","NA","NA","NA"
"1615","Maharashtra","Pune","Pune","Padmashree Dr.D.Y Patil (Vishweshwar) Blood Bank","Padmashree, Dr. Dy. Patil Medical College Hospital , Sant Tukaram Nagar Pimpari Pune","411018","020 27423844,020 27420439","NA","NA","NA","NA","NA","NA","NA","NA","NA","NA"
"1616","Maharashtra","Pune","Pune","Deenanath Mangeshkar Hospital","Erandawane, Near Mhatre Bridge Pune","411004","020 6602307, 020 6602308, 020 6602313, 020 25420104","NA","NA","NA","NA","NA","NA","NA","NA","NA","NA"
"1617","Maharashtra","Pune","Pune","Poona Serological Institute Blood Bank","C.T.S. No-592,3rd Floor,Dhanwantari Complex Rasta Peth Pune","411011","020 26133387, 020 26141719, 020 27472876","NA","NA","NA","NA","NA","NA","NA","NA","[=19]19","[=74]74"
"1618","Maharashtra","Pune","Pune","Sahiyadari Speciality Hospital Blood Bank","Kokoan Mitra Mandal Medical Port Trusts Sahiyadari SpecialityHospital Blood Bank, Plot No-30 C, Erandvane, Karve Road, Pune","411004","020 25403232, 020 67213000","NA","NA","NA","NA","NA","NA","NA","NA","NA","NA"
"1619","Maharashtra","Pune","Pune","Aditya Birla Memorial Hospital Blood Bank","Survey No:31, Near Morya Mangal Karyalay, Thergaon, Chinchwad, Pune","411033","020 30717690, 020 30717676","NA","NA","NA","NA","NA","NA","NA","NA","NA","NA"
"1620","Maharashtra","Pune","Pune","Rakesh Jain Memorial Blood Bank","Poona Hospital and Reserch Centre 27, Sadashiv Peth Pune","411030","020 24331706, 020 66069000, 020 24338477","NA","NA","NA","NA","NA","NA","NA","NA","NA","NA"
"1621","Maharashtra","Pune","Pune","Noble Hospital Blood Bank","B-007, Basement c/o Noble Hospital, 153 Magarpatta city Road, Hadapsar, Pune","411013","020 66285050, 020 66285199","NA","NA","NA","NA","NA","NA","NA","NA","[=19]19","[=74]74"
"1622","Maharashtra","Pune","Pune","Smt Kashibai Navale General Hospital Blood Bank","Sr. No. 50/15 building NO.5 2nd floor, Narhe, Ambegaon Pune","411041","020 241062299, 020 24699884, 020 24106274","NA","NA","NA","NA","NA","NA","NA","NA","NA","NA"
"1623","Maharashtra","Pune","Pune","Pimpari Serological Institute Blood Bank","Esteem Tower, opposite K.S.B Pump, Pune-Mumbai Highway, Kharalwadi, Pimpari","411018","020 27421179, 020 27427779","NA","NA","NA","NA","NA","NA","NA","NA","[=19]19","[=74]74"
"1624","Maharashtra","Pune","Pune","Chakan Blood Bank","sr.no. 4976/1/2 gate no.2401, yashwantnagar Ambethan road. A/P Chakan, Tal.khed pune","410501","02135 202141","NA","NA","NA","NA","NA","NA","NA","NA","NA","NA"
"1625","Maharashtra","Pune","Pune","R.G Gholap Memorial Blood Bank","office no.301, 3rd floor Ashoka Centre, S.No - 47/14, Pune Satara Road Parvati, Pune","411009","NA","NA","NA","NA","NA","NA","NA","NA","NA","NA","NA"
"1626","Maharashtra","Pune","Pune","Kranti Mitra Mandal Charitable Trusts, Pune Blood Bank","1st floor PMT buiding Gadital, Hadapsar Pune","411028","020 26992828, 020 64782828, 020 26993703","NA","NA","NA","NA","NA","NA","NA","NA","NA","NA"
"1627","Maharashtra","Sangli","Sangli","Rajaram Bapu Blood Bank","Opp.Christan bunglow, Islampur Peth Road, Islampur, TQ.Walwa Dist-Sangli","415409","02342 224939, 02342 224108,02342 224939","NA","NA","NA","NA","NA","NA","NA","NA","NA","NA"
"1628","Maharashtra","Sangli","Sangli","Vasantdada Patil Blood Bank and Haematology Research Centre","Mirasaheb Shopping Center Opp.City Police Station Miraj Dist-Sangli","416410","0233 2222319, 0233 2229619","NA","NA","NA","NA","NA","NA","NA","NA","NA","NA"
"1629","Maharashtra","Sangli","Sangli","Miraj Medical Centre, Wanless Hospital Blood Bank","Miraj,Wanless Hospital Blood bank Miraj Medical Centre Miraj","416410","0233 2223291,0233 2223493","NA","NA","NA","NA","NA","NA","NA","NA","NA","NA"
"1630","Maharashtra","Sangli","Sangli","Jeevan Rekha Charitable Trust Blood Bank","H.No-329/E Ward No.5 1st Floor,Umrani Road A/p-jath District Sangli","416416","02344 248000, 02344 248922,02344 247499, ,02344 247488","NA","NA","NA","NA","NA","NA","NA","NA","NA","NA"
"1631","Maharashtra","Sangli","Sangli","Smt. Anila Kantilal Kothari Blood Bank and dept. of hemato Oncology","Dr. D. K. Gosavi Memorial, Shri Siddhivinayak Ganapati Cancer Hospital, Sangli-Miraj Road Miraj","416410","0233 2212155, 0233 2211601,0233 2211603","NA","NA","NA","NA","NA","NA","NA","NA","NA","NA"
"1632","Maharashtra","Sangli","Sangli","Bharati Vidyapeeth University Medical college And Hospital","A/p Wanlesswadi, Tal- Miraj","416414","0233 2601594 , 0233 2601593","NA","NA","NA","NA","NA","NA","NA","NA","NA","NA"
"1633","Maharashtra","Sangli","Sangli","Hindratna Prakashbapu Patil Blood Bank","2nd floor, Siddhivinayak Commercial Complex Guest House, Miraj Road, Near Tata Showroom Sangli","416416","0233 2672233","NA","NA","NA","NA","NA","NA","NA","NA","NA","NA"
"1634","Maharashtra","Sangli","Sangli","Miraj Serological Institute Blood Bank, Miraj","S.no.795/A1, Dr.Bhalchandra patil Hospital zaribag budhgaonkar mala near gulabrao patil medical college, Circle Kolhapur, Miraj","416410","0233 6451819, 0233 2211400","NA","NA","NA","NA","NA","NA","NA","NA","NA","NA"
"1635","Maharashtra","Sangli","Sangli","Akshay Blood Bank","Plot no- 117, near Anand Nursing Home, 2nd floor Miraj Sangli Road, Sangli","416410","0233 2212448, 0233 2212449","NA","NA","NA","NA","NA","NA","NA","NA","NA","NA"
"1636","Maharashtra","Satara","Satara","Phaltan Medical Foundation Blood Bank","C.T.S.No.5604/6, Near Dnyaneshwar Mandir, Behind State Bank of India, Laxminagar, 1st Floor Phaltan, Satara","415523","02166 221197, 02166 220897,02166 220007","NA","NA","NA","NA","NA","NA","NA","NA","NA","NA"
"1637","Maharashtra","Satara","Satara","Krishna Hospital and Medical Research Centre, Blood Bank, Karad","Poona Bangalore(NH4)Highway Near Debhewadi Road Karad, Dist-Satara","415110","02164 241456 ,02164 242170","NA","NA","NA","NA","NA","NA","NA","NA","NA","NA"
"1638","Maharashtra","Satara","Satara","Akshay Medical Trust, Akshay Blood Bank","506/22, Sadar Bazar,Near State Bank opp Nirmal Hotel, Satara","415002","02162 230730, 02162 329293,02162 239920","NA","NA","NA","NA","NA","NA","NA","NA","NA","NA"
"1639","Maharashtra","Satara","Satara","Mauli Blood Bank, Satara","529/b, parasnis colony near Hotel Monark Powai Naka sadarbazar satara","415001","02162 222586, 02162 222031","NA","NA","NA","NA","NA","NA","NA","NA","NA","NA"
"1640","Maharashtra","Satara","Satara","Yashwantrao Chavan blood bank","Phase 5, Super market, 1st flor hall no.2/1 final plot no.432,433, shaniwar peth, karad","415110","02164 228122","NA","NA","NA","NA","NA","NA","NA","NA","NA","NA"
"1641","Maharashtra","Solapur","Solapur","Shri Markendya Charitable and Medical Trust Irrapanna N Boli Blood Bank","Ashok Chowk, 896/97 Bhavnarishi Peth (Bolli Mangal karayalaya 1fr.Solapur","413006","0217 2653829, 0217 2390144, 0217 2620348","NA","NA","NA","NA","NA","NA","NA","NA","NA","NA"
"1642","Maharashtra","Solapur","Solapur","Dr. Hegdewar Rakta Pedhi Sanstha, Solapur","1st Floor, Sahyadri Shopping Centre Railway Lines, Solapur","413001","0217 2311215, 0217 2311281, 0217 2311215, 0217 2311281","NA","NA","NA","NA","NA","NA","NA","NA","NA","NA"
"1643","Maharashtra","Solapur","Solapur","Solapur Blood Bank","136, Railway Line,near Railway Station, near Atthar Hospital, Anjani Chembers, Solapur","413001","0217 2317242, 0217 2318028","NA","NA","NA","NA","NA","NA","NA","NA","[=18]18","[=76]76"
"1644","Maharashtra","Solapur","Solapur","IMA, Sahakar Maharshi Shankarrao Mohite Patil Blood Bank","804, Old Pandharpur Road, Ganeshnagar Akluj, District - Solapur","413101","02185 222101, 02185 225601, 02185 222665, 02185 222166","NA","NA","NA","NA","NA","NA","NA","NA","NA","NA"
"1645","Maharashtra","Solapur","Solapur","Akshay Blood Bank","Survey No.2212, First Floor, Laxmi Narayan Apartment, South Sadar Bazar, Solapur.","413003","0217 2315025, 0217 26993247","NA","NA","NA","NA","NA","NA","NA","NA","NA","NA"
"1646","Maharashtra","Solapur","Solapur","M.M.Patel Public Charitable Trust, Ashwini Rural Medical College and Hospital Blood Bank","Padmavati Complex, 91 Saat Rasta, Kumbhari, Gat no.261 and 262/1-7, Akkalkot Road, Dist-Solapur","413006","0217 2280897, 0217 2312763","NA","NA","NA","NA","NA","NA","NA","NA","NA","NA"
"1647","Maharashtra","Solapur","Solapur","Athar Minorities Social and Welfare Associations, Athar Blood Bank","1st floor, 410 Shukrawar peth, Jamiya Complex, Near Jama Masjid, Solapur","413002","0217 2622999, 0217 2622999","NA","NA","NA","NA","NA","NA","NA","NA","NA","NA"
"1648","Maharashtra","Kolhapur","Kolhapur","Sai Seva Medical Foundation,Vaibhavlaxmi Blood bank","1036/A, E- ward, 1st floor, Deccan Engineering, opp. Parvati Multiplex, Rajaram Road ,Kolhapur","416001","0231 6454949, 0231 2664949","NA","NA","NA","NA","NA","NA","NA","NA","NA","NA"
"1649","Maharashtra","Pune","Pune","Indian Red Cross Society (IRCS) (Late Manikbai Chandulal Saraf) Blood Bank","Nr.Government Silver Jubilee Hospital, Patas Road Baramati Pune","413102","02112 222951, 02112 320910","NA","NA","NA","NA","NA","NA","NA","NA","NA","NA"
"1650","Maharashtra","Sangli","Sangli","Indian Red Cross Society Blood Bank , Shirgaonkar Blood Bank","Opp. Civil Hospital, Plot No.49, City Survey No.601/7,Sangli","416416","0233 2373044, 0233 2372376,0233 2331521","NA","NA","NA","NA","NA","NA","NA","NA","[=17]17","[=75]75"
"1651","Maharashtra","Solapur","Solapur","Indian Red Cross Soceity, Shriman Rambhai Shah Blood Bank","Jawaharlal Hospital Compound,Shivaji Road, Barsi, Somwarpeth, Solapur","413401","02184 222399, 02184 222399","NA","NA","NA","NA","NA","NA","NA","NA","NA","NA"
"1652","Maharashtra","Solapur","Solapur","Indian Red Cross Society, Bai Gopabai Damani Blood Bank","165 Railway Line, Red Cross Road, Dufferin Chowk, Solapur","413001","0217 2726858, 0217 2722106,0217 2726857","NA","NA","NA","NA","NA","NA","NA","NA","NA","NA"
"1653","Maharashtra","Solapur","Solapur","Indian Red Cross Society, Sarjubai Bansila Bajaj Blood Bank","62/2/3/4, Bhakti Marg, Pandharpur, Solapur","413304","02186 223650, 222219, 02186 224288","NA","NA","NA","NA","NA","NA","NA","NA","NA","NA"
"1654","Maharashtra","Kolhapur","Kolhapur","Kolhapur Municipal Corporation Blood Bank Kolhapur","C.T.S. 83 D-Ward, Near Kasba Gate Police Chowky Kolhapur","416002","0231 2541870, 0231 2541830","NA","NA","NA","NA","NA","NA","NA","NA","NA","NA"
"1655","Maharashtra","Pune","Pune","Krantiveer Chapekar Bandhu Blood Bank","Pimpri Chinchwad Mahanagar Palika Talera Hospital, Tanaji Nagar Chinchwad - Pune","411033","020 27610054, 020 27610042","NA","NA","NA","NA","NA","NA","NA","NA","NA","NA"
"1656","Maharashtra","Pune","Pune","The new century Medical and Educational foundation malegaon, Nashik","NCORD Blood Bank and Aphaeresis centre, S. No. 241/2/1, Geet ganga bldg., Medipoint Hospital lane, Baner, Pune","411007","020 46608585","NA","NA","NA","NA","NA","NA","NA","NA","NA","NA"
"1657","Maharashtra","Pune","Pune","Ekta Apang Vikas Sansthas Ayush Blood Bank","office no. 17/18/19, 1st floor, sunshree woods commercial complex, NIBM, Kondhwa, Tal. Haveli, District Pune","411028","020 26855144","NA","NA","NA","NA","NA","NA","NA","NA","NA","NA"
"1658","Maharashtra","Pune","Pune","Chattrapati Shahu Maharaj Pratisthans Aadhar Blood Bank","S.No. 30, 4th floor, office no. 41, 402, 403, and 5th floor off 502, waris Heights, Pune-Satara Road, Dhankwadi, Pune","411030","020 65266999","NA","NA","NA","NA","NA","NA","NA","NA","NA","NA"
"1659","Maharashtra","Pune","Pune","Chattrapati Shahu Maharaj Pratisthans Aadhar Blood Bank","S.No. 30, 4th floor, office no. 41, 402, 403, & 5th floor off 502, waris Heights, Pune-Satara Road, Dhankwadi, Pune","411030","020 65267000","NA","NA","NA","NA","NA","NA","NA","NA","NA","NA"
"1660","Maharashtra","Sangli","Sangli","Shree Basaveshwar Manav vikas gramin sevabhavi sansthas Adarsh Blood Bank","Arihant Galaxy, 1st floor, C.S. No. 1599, Opp. Civil Hospital, Garpir Road, Sangli","416416","09604520087, 07798539069","NA","NA","NA","NA","NA","NA","NA","NA","NA","NA"
"1661","Maharashtra","Solapur","Solapur","Azad Panchis Groups Sddheshwar Blood Bank","Kalyani Towers, 126 Siddheshwar Peth, Near Yashwantrao Hospital Behind civil court, Solapur","413003","0217 2323222","NA","NA","NA","NA","NA","NA","NA","NA","NA","NA"
"1662","Maharashtra","Kolhapur","Kolhapur","Vande mataram samajik Samsthas Jeevandhara Blood Bank","Ground floor, & 1st floor, 1648 E Ward, 7th lane, Kolhapur","416008","0231 2526363","NA","NA","NA","NA","NA","NA","NA","NA","NA","NA"
"1663","Maharashtra","Kolhapur","Kolhapur","Sanjeevan Blood Bank","250/B/65, 1st floor, lucky naresh banglow, opp collector office, nagala Park, Kolhapur","416002","0231 2668032, 0231 2668031","NA","NA","NA","NA","NA","NA","NA","NA","NA","NA"
"1664","Maharashtra","Sangli","Sangli","Azad Panchi Group Charitable Trusts , Miraj Serological Institute Blood Bank","Civil Hospital Ganesh Nagar, 1st lane, S. No. 1682, Sangli","416416","0233 6451821","NA","NA","NA","NA","NA","NA","NA","NA","NA","NA"
"1665","Maharashtra","Kolhapur","Kolhapur","Shri.R.R.Patil Shikashan Sheti sanshodhan Aani vikas sansthas Adhar Blood Bank","1 Floor ,12/966 C/o Dr. Dilip Joahi Hospital, Sambhaji chowk ,rajaram road ,Inchalkaranji ,tal-Hantkanagle, Kolhapur.","416115","0230 2430073,0230 2426464","NA","NA","NA","NA","NA","NA","NA","NA","NA","NA"
"1666","Maharashtra","Mumbai","Mumbai","National Plasma Fractionation Centre","7th Floor, New Multistoreyed Building, KEM Hospital","400012","NA","NA","NA","NA","NA","NA","NA","NA","NA","[=19]19","[=73]73"

